Job ID,Job URL,Job Title,Company Name,Status,Timestamp,WP ID
22b4953d88f9cb20,https://br.linkedin.com/jobs/view/estoquista-faz-estrela-at-gees-s-a-4433996655,Estoquista - Faz. Estrela,,scraped,2026-07-06T23:58:57.417852,
aff3bc2bee3f73d9,https://br.linkedin.com/jobs/view/consultor-a-comercial-de-microcr%C3%A9dito-j%C3%BAnior-atua%C3%A7%C3%A3o-no-estado-do-cear%C3%A1-at-ita%C3%BA-unibanco-4436947064,Consultor(a) Comercial de Microcrédito Júnior  | Atuação no Estado do Ceará,Itaú Unibanco,posted,2026-07-06T23:59:17.175399,20
3a2fc68a2c0dc0d6,https://br.linkedin.com/jobs/view/borracheiro-faz-estrela-at-gees-s-a-4434507047,Borracheiro - Faz. Estrela,,scraped,2026-07-06T23:59:19.687600,
e9a66711526bced0,https://br.linkedin.com/jobs/view/recepcionista-at-funda%C3%A7%C3%A3o-padre-albino-4437407985,RECEPCIONISTA,Fundação Padre Albino,posted,2026-07-06T23:59:33.591914,22
e86aedce5b683e31,https://br.linkedin.com/jobs/view/copeiro-a-at-funda%C3%A7%C3%A3o-padre-albino-4436768224,COPEIRO (A),Fundação Padre Albino,posted,2026-07-06T23:59:42.496840,24
4069df1a0ceefc2c,https://br.linkedin.com/jobs/view/telefonista-at-funda%C3%A7%C3%A3o-padre-albino-4437422538,TELEFONISTA,Fundação Padre Albino,posted,2026-07-06T23:59:51.889668,26
b49d2d6d3aa1ebc8,https://br.linkedin.com/jobs/view/auxiliar-administrativo-at-g4f-4435462435,AUXILIAR ADMINISTRATIVO,,scraped,2026-07-06T23:59:54.471062,
d4b2b31a791c9df2,https://br.linkedin.com/jobs/view/atendente-de-pa-cadastro-reserva-gravatai-cachoeirinha-e-canoas-rs-at-sicoob-fronteiras-4436960921,Atendente de PA - cadastro reserva - Gravatai / Cachoeirinha e Canoas (RS),,scraped,2026-07-07T00:00:03.493116,
746a8711374d70b1,https://br.linkedin.com/jobs/view/consultor-a-comercial-de-microcr%C3%A9dito-j%C3%BAnior-atua%C3%A7%C3%A3o-no-estado-do-cear%C3%A1-at-ita%C3%BA-unibanco-4436916135,Consultor(a) Comercial de Microcrédito Júnior | Atuação no Estado do Ceará,Itaú Unibanco,posted,2026-07-07T00:00:20.655497,28
7ec8d1dffc481542,https://br.linkedin.com/jobs/view/lavador-bras%C3%ADlia-df-at-divis%C3%A3o-com%C3%A9rcio-grupo-%C3%A1guia-branca-4436787766,Lavador - Brasília/DF,Divisão Comércio - Grupo Águia Branca,posted,2026-07-07T00:00:30.468687,30
fad53f3238a1240b,https://br.linkedin.com/jobs/view/cumim-pe-at-bercy-village-4433759666,Cumim - PE,Bercy Village,posted,2026-07-07T00:00:41.768880,32
0255ced3bf18be44,https://br.linkedin.com/jobs/view/ajudante-geral-sp-at-taua-resort-caete-4433777038,Ajudante geral - SP,Taua Resort Caete,posted,2026-07-07T00:00:50.496053,34
fef2053e1a873f98,https://br.linkedin.com/jobs/view/moleiro-at-econo-rent-a-car-4437429296,Moleiro,Econo Rent A Car,posted,2026-07-07T00:01:28.579551,36
5e8ab64bf7d00999,https://br.linkedin.com/jobs/view/auditor-noturno-at-nobile-hotels-resorts-4436311451,Auditor Noturno,,scraped,2026-07-07T00:01:31.560270,
96b739121dd9bf95,https://br.linkedin.com/jobs/view/pedreiro-at-cemaf-construtora-4436997322,Pedreiro,,scraped,2026-07-07T00:02:46.066938,
34794c06f84bb54a,https://br.linkedin.com/jobs/view/jardineiro-pe-at-conservice-4433918160,Jardineiro - PE,,scraped,2026-07-07T00:02:58.349324,
e498aa928774ea4a,https://br.linkedin.com/jobs/view/banco-de-talentos-cear%C3%A1-at-w-premium-group-4436460136,BANCO DE TALENTOS (CEARÁ),W Premium Group,posted,2026-07-07T00:04:18.463784,38
fddbd05be3ceb05c,https://br.linkedin.com/jobs/view/banco-de-talentos-par%C3%A1-at-w-premium-group-4436462085,BANCO DE TALENTOS (PARÁ),W Premium Group,posted,2026-07-07T00:04:30.501009,40
0d159c16b64c85de,https://br.linkedin.com/jobs/view/entregador-at-ton-gas-4433782751,Entregador,,scraped,2026-07-07T00:04:33.131707,
98d00d17d29afd60,https://br.linkedin.com/jobs/view/controlador-de-pragas-at-copeople-group-4433788843,Controlador de Pragas,,scraped,2026-07-07T00:04:39.627500,
7657fa2d496b6b10,https://br.linkedin.com/jobs/view/concilia%C3%A7%C3%A3o-banc%C3%A1ria-concession%C3%A1ria-de-motos-jo%C3%A3o-pessoa-pb-at-solutions-rh-4436731407,Conciliação bancária (Concessionária de motos) João Pessoa - PB,,scraped,2026-07-07T00:05:50.397084,
dca647ce3ef3a96e,https://br.linkedin.com/jobs/view/banco-de-talentos-cin%C3%A9polis-atendente-campo-grande-at-cin%C3%A9polis-brasil-4437468590,Banco de Talentos Cinépolis - Atendente (Campo Grande),Cinépolis Brasil,posted,2026-07-07T00:06:05.012657,42
f901302ee7cfbd0e,https://br.linkedin.com/jobs/view/assistente-de-atendimento-centro-blumenau-sc-at-sicredi-4436768880,Assistente de Atendimento - Centro - Blumenau/SC,Sicredi,posted,2026-07-07T00:06:16.471496,44
d7ea869322156297,https://br.linkedin.com/jobs/view/tecnico-de-enfermagem-pronto-socorro-atendimento-tr%C3%AAs-lagoas-ms-at-hospital-nossa-senhora-auxiliadora-4436454369,TECNICO DE ENFERMAGEM - PRONTO SOCORRO/ATENDIMENTO - TRÊS LAGOAS/MS,,scraped,2026-07-07T00:06:19.233321,
60b29b978f907683,https://br.linkedin.com/jobs/view/atendente-de-pa-cadastro-reserva-at-sicoob-tr%C3%AAs-fronteiras-4436791476,Atendente de PA - cadastro reserva,,scraped,2026-07-07T00:06:34.977446,
2e1e3504cfe389c1,https://br.linkedin.com/jobs/view/atendente-de-consultorio-at-abler-vagas-4436752849,ATENDENTE DE CONSULTORIO,abler Vagas,posted,2026-07-07T00:06:52.054447,46
b0794577e7b0e96a,https://br.linkedin.com/jobs/view/recepcionista-at-gonzaga-4437414385,Recepcionista,,scraped,2026-07-07T00:06:54.650728,
cc7cb4ec02ed9757,https://br.linkedin.com/jobs/view/recepcionista-jardim-bot%C3%A2nico-df-at-bodytech-company-4437461648,Recepcionista - Jardim Botânico - DF,,scraped,2026-07-07T00:08:05.994069,
c194a2d9fbaeacf7,https://br.linkedin.com/jobs/view/repositor-unidade-butant%C3%A3-at-conibase-com%C3%A9rcio-de-materiais-para-constru%C3%A7%C3%A3o-ltda-4436421329,Repositor - Unidade Butantã,,scraped,2026-07-07T00:08:12.313191,
209e7325c1e60707,https://br.linkedin.com/jobs/view/estoquista-boulevard-campos-at-grupo-ri-happy-4436909052,ESTOQUISTA - BOULEVARD CAMPOS,Grupo Ri Happy,posted,2026-07-07T00:08:31.476799,48
6a5ccd27ac46bd84,https://br.linkedin.com/jobs/view/analista-de-planejamento-financeiro-e-or%C3%A7ament%C3%A1rio-at-ita%C3%BA-unibanco-4436783423,Analista de Planejamento Financeiro e Orçamentário,Itaú Unibanco,posted,2026-07-07T00:08:45.562698,50
fb887bf8b3e5a675,https://br.linkedin.com/jobs/view/aprendiz-em-crm-at-alelo-brasil-4437460146,Aprendiz em CRM,,scraped,2026-07-07T00:08:48.447674,
8da1ba21824ed695,https://br.linkedin.com/jobs/view/recepcionista-itaim-leopoldo-sp-at-bodytech-company-4437460674,Recepcionista - Itaim Leopoldo - SP,,scraped,2026-07-07T00:08:54.880803,
15bb420c9f771339,https://br.linkedin.com/jobs/view/embalador-at-grupo-isapa-4435280862,Embalador,GRUPO ISAPA,posted,2026-07-07T00:09:08.504070,52
4328d1d23efdb455,https://br.linkedin.com/jobs/view/repositor-abastecimento-noturno-fort-atacadista-taguatinga-at-grupo-pereira-4437154513,REPOSITOR - ABASTECIMENTO  NOTURNO-FORT ATACADISTA-TAGUATINGA,,scraped,2026-07-07T00:09:11.234500,
5c4dd59a09318984,https://br.linkedin.com/jobs/view/assistente-administrativo-central-de-relacionamento-m%C3%A9dico-hospital-copa-d-or-at-rede-d-or-4437467528,Assistente administrativo | Central de relacionamento médico | Hospital Copa D'Or,,scraped,2026-07-07T00:09:19.510795,
93e83cfe29514407,https://br.linkedin.com/jobs/view/auxiliar-de-frota-barra-funda%0As%C3%A3o-paulo-sp%0Afull-time-employee-at-beep-sa%C3%BAde-4435433222,"Auxiliar de Frota - Barra Funda
São Paulo - SP
Full-time employee",,scraped,2026-07-07T00:10:29.918925,
209309ea5e000668,https://br.linkedin.com/jobs/view/est%C3%A1gio-ag%C3%AAncia-at-sicoob-tr%C3%AAs-fronteiras-4436906029,Estágio - Agência,,scraped,2026-07-07T00:10:37.925860,
9956989510e5a2d4,https://br.linkedin.com/jobs/view/controlador-de-acesso-santo-amaro-at-grupo-hagan%C3%A1-4436417612,Controlador de Acesso - Santo Amaro,,scraped,2026-07-07T00:10:49.434927,
c3f1d6731698e8d1,https://br.linkedin.com/jobs/view/assistente-administrativo-at-g4f-4436206913,ASSISTENTE ADMINISTRATIVO,,scraped,2026-07-07T00:10:57.746649,
5cfbff4b0fd40c3e,https://br.linkedin.com/jobs/view/assistente-tecnico-administrativo-junior-at-g4f-4435466361,ASSISTENTE TECNICO ADMINISTRATIVO JUNIOR,,scraped,2026-07-07T00:12:10.137488,
4c2bafcf85d89f66,https://br.linkedin.com/jobs/view/controlador-de-acesso-at-grupo-gr-4436759227,Controlador de Acesso,,scraped,2026-07-07T00:12:18.127922,
19cf4c2c4dc6251d,https://br.linkedin.com/jobs/view/t%C3%A9cnico-a-de-enfermagem-bloco-cir%C3%BArgico-at-santa-casa-de-miseric%C3%B3rdia-de-santo-antonio-do-monte-4436917167,Técnico(a) de Enfermagem (Bloco Cirúrgico),,scraped,2026-07-07T00:12:25.748079,
63d19bf834a44c66,https://br.linkedin.com/jobs/view/controlador-de-acesso-at-netsource-4436795476,Controlador de Acesso,NetSource,posted,2026-07-07T00:13:43.117800,54
5cee02b2b59832b7,https://br.linkedin.com/jobs/view/assistente-de-recrutamento-e-sele%C3%A7%C3%A3o-s%C3%A3o-paulo-sp-at-rede-cidad%C3%A3-4435493081,Assistente de Recrutamento e Seleção - São Paulo/SP,,scraped,2026-07-07T00:13:45.808413,
3263b21998b506ff,https://br.linkedin.com/jobs/view/recepcionista-manh%C3%A3-at-accor-4435711484,Recepcionista - Manhã,Accor,posted,2026-07-07T00:15:09.899905,56
d6434fcea1746cb8,https://br.linkedin.com/jobs/view/professor-de-educa%C3%A7%C3%A3o-infantil-e-ensino-fundamental-i-at-etapa-educacional-4436790751,Professor  de Educação Infantil e Ensino Fundamental I,,scraped,2026-07-07T00:15:12.466671,
934e38b208d13e9c,https://br.linkedin.com/jobs/view/auxiliar-administrativo-at-vida-saud%C3%A1vel-4436426083,Auxiliar Administrativo,,scraped,2026-07-07T00:15:19.252890,
40942db057dc3a19,https://br.linkedin.com/jobs/view/recepcionista-at-grupo-gr-4436750472,Recepcionista,,scraped,2026-07-07T00:15:26.539817,
e69cd0b1461761de,https://br.linkedin.com/jobs/view/auxiliar-de-estoque-trainee-maric%C3%A1-at-leste-telecom-4436977456,Auxiliar de Estoque Trainee-Maricá,,scraped,2026-07-07T00:16:37.627521,
bae3d2bb5a1d3cd1,https://br.linkedin.com/jobs/view/atendente-de-drogaria-sem-experi%C3%AAncia-dsp-filial-torre-502574-at-grupo-dpsp-4436025386,ATENDENTE DE DROGARIA - SEM EXPERIÊNCIA - DSP FILIAL TORRE (502574),,scraped,2026-07-07T00:16:44.531914,
18b87e62dee836d0,https://br.linkedin.com/jobs/view/auxiliar-de-produ%C3%A7%C3%A3o-12x36-at-bravir-4436456334,Auxiliar de Produção 12x36,,scraped,2026-07-07T00:16:51.818288,
2852e6efba67d4dd,https://br.linkedin.com/jobs/view/operador-industrial-i-at-eternit-s-a-4436457313,Operador Industrial I,,scraped,2026-07-07T00:17:01.247674,
03c671c86e2d4b2f,https://br.linkedin.com/jobs/view/t%C3%A9cnico-a-de-enfermagem-jr-at-ultra-x-medicina-diagn%C3%B3stica-4436788679,Técnico(a) de Enfermagem JR,,scraped,2026-07-07T00:17:09.943709,
2e6f3ba55a20d2b1,https://br.linkedin.com/jobs/view/assistente-administrativo-at-staffer-4436455334,Assistente Administrativo,,scraped,2026-07-07T00:17:17.409647,
8dbca5d7f3d8cddb,https://br.linkedin.com/jobs/view/atendente-hospedagem-jr-ibis-styles-parauapebas-at-atrio-hotel-management-4436255750,Atendente Hospedagem Jr. - IBIS STYLES PARAUAPEBAS,,scraped,2026-07-07T00:17:29.098230,
66531abf0cc558cf,https://br.linkedin.com/jobs/view/recepcionista-s%C3%A3o-paulo-sp-at-essentia-group-enhanced-company-4434504090,Recepcionista (São Paulo - SP),,scraped,2026-07-07T00:17:35.799994,
62d3bccf860a647b,https://br.linkedin.com/jobs/view/tecnico-de-enfermagem-at-funda%C3%A7%C3%A3o-padre-albino-4437425432,TECNICO DE ENFERMAGEM,Fundação Padre Albino,posted,2026-07-07T00:17:51.299045,58
40ba947963eef3b6,https://br.linkedin.com/jobs/view/atendente-de-drogaria-sem-experi%C3%AAncia-dp-filial-tijuca-12-502420-at-grupo-dpsp-4435409120,ATENDENTE DE DROGARIA - SEM EXPERIÊNCIA - DP FILIAL TIJUCA 12 (502420),,scraped,2026-07-07T00:17:54.167445,
f5274be56e86f64c,https://br.linkedin.com/jobs/view/atendente-de-padaria-inaugura%C3%A7%C3%A3o-vila-ol%C3%ADmpia-at-rede-oba-de-hortifruti-4436466700,Atendente de Padaria - Inauguração Vila Olímpia,Oba Hortifruti,posted,2026-07-07T00:18:13.687384,60
972a298381a01ea7,https://br.linkedin.com/jobs/view/jatista-at-jobbol-4435366668,Jatista,,scraped,2026-07-07T00:18:16.239781,
5abf9d6577feea39,https://br.linkedin.com/jobs/view/go-mini-club-tempor%C3%A1rio-club-med-resort-brazil-ou-no-estrangeiro-at-club-med-4321826054,GO Mini Club Temporário Club Med Resort Brazil ou no estrangeiro,,scraped,2026-07-07T00:18:23.607316,
89d27efc12e60ed1,https://br.linkedin.com/jobs/view/padeiro-at-lavagnoli-supermercados-4437422751,Padeiro,,scraped,2026-07-07T00:19:33.781221,
79ef5760ac57818a,https://br.linkedin.com/jobs/view/padeiro-at-jobbol-4435370533,Padeiro,,scraped,2026-07-07T00:21:57.482147,
2e5e52d2517926ff,https://br.linkedin.com/jobs/view/captador-at-jobbol-4435128231,Captador,,scraped,2026-07-07T00:22:05.821069,
a2e8ec93db4e98c7,https://br.linkedin.com/jobs/view/cumim-at-jobbol-4436793254,Cumim,,scraped,2026-07-07T00:22:14.164612,
6fb6ac74e7835427,https://br.linkedin.com/jobs/view/copeiro-at-jobbol-4436484975,Copeiro,,scraped,2026-07-07T00:22:21.212076,
b72124cd8f322172,https://br.linkedin.com/jobs/view/impressor-offset-sp-at-taua-resort-caete-4433766545,Impressor Offset - SP,Taua Resort Caete,posted,2026-07-07T00:22:34.933482,62
2146b4d98108dfb7,https://br.linkedin.com/jobs/view/padeiro-at-jobbol-4437113548,Padeiro,,scraped,2026-07-07T00:22:37.467897,
7a49c8f05edcd10c,https://br.linkedin.com/jobs/view/ajudante-de-copa-trancoso-ba-at-club-med-4321935768,Ajudante De Copa - Trancoso / BA,,scraped,2026-07-07T00:23:48.519292,
d746a458b29bfa96,https://br.linkedin.com/jobs/view/atendente-de-relacionamento-com-o-cliente-barra-funda-sp-at-savior-artigos-texteis-lda-4435295748,Atendente de Relacionamento com o Cliente (Barra Funda/SP),,scraped,2026-07-07T00:24:58.806447,
dd4d768d81a8aa6b,https://br.linkedin.com/jobs/view/atendente-de-drogaria-sem-experi%C3%AAncia-dp-filial-tijuca-8-502421-at-grupo-dpsp-4435299699,ATENDENTE DE DROGARIA - SEM EXPERIÊNCIA - DP FILIAL TIJUCA 8 (502421),,scraped,2026-07-07T00:25:09.057390,
9998d6e808f616a6,https://br.linkedin.com/jobs/view/operador-de-loja-copacabana-rj-at-tok-stok-4436910928,Operador de Loja - Copacabana/RJ,,scraped,2026-07-07T00:25:16.401183,
3cc7adffab23b644,https://br.linkedin.com/jobs/view/atendente-de-relacionamento-com-o-cliente-barra-funda-sp-at-savior-artigos-texteis-lda-4435289824,Atendente de Relacionamento com o Cliente (Barra Funda/SP),,scraped,2026-07-07T00:25:24.086528,
dc49390a0b8ae589,https://br.linkedin.com/jobs/view/telefonista-at-hospital-cardiol%C3%B3gico-costantini-4436900560,Telefonista,,scraped,2026-07-07T00:25:33.319966,
d9a3add18cc48761,https://br.linkedin.com/jobs/view/atendente-de-preven%C3%A7%C3%A3o-e-perdas-at-atacad%C3%A3o-4436427059,Atendente de Prevenção e Perdas,,scraped,2026-07-07T00:25:43.978399,
da5e25b4d377015d,https://br.linkedin.com/jobs/view/atendente-de-relacionamento-com-o-cliente-barra-funda-sp-at-savior-artigos-texteis-lda-4435400521,Atendente de Relacionamento com o Cliente (Barra Funda/SP),,scraped,2026-07-07T00:25:51.396398,
f6f91eeb0110f15d,https://br.linkedin.com/jobs/view/agente-de-atendimento-at-sicoob-fronteiras-4436977221,Agente de Atendimento,,scraped,2026-07-07T00:26:00.427481,
0136e3c6904466c9,https://br.linkedin.com/jobs/view/controlador-de-acesso-at-grupo-gr-4437461658,Controlador de Acesso,,scraped,2026-07-07T00:26:07.779839,
36367fb45d8fd34d,https://br.linkedin.com/jobs/view/analista-planejamento-estrat%C3%A9gico-pleno-at-alelo-brasil-4434760165,Analista Planejamento Estratégico Pleno,,scraped,2026-07-07T00:26:15.799832,
bc1ed68d7e5a1f8f,https://br.linkedin.com/jobs/view/salva-vidas-club-med-lake-paradise-sp-at-club-med-4435448120,Salva Vidas - Club Med Lake Paradise / SP,,scraped,2026-07-07T00:26:22.740345,
df59b8cf1c1a2f17,https://br.linkedin.com/jobs/view/jardineiro-at-jobbol-4436913631,Jardineiro,,scraped,2026-07-07T00:27:32.993783,
a1c16a235d1af85f,https://br.linkedin.com/jobs/view/pedreiro-at-jobbol-4436747064,Pedreiro,,scraped,2026-07-07T00:27:40.167369,
a4266e6f6802dc58,https://br.linkedin.com/jobs/view/ajudante-de-copa-club-med-lake-paradise-sp-at-club-med-4321975708,Ajudante De Copa - Club Med Lake Paradise / SP,,scraped,2026-07-07T00:27:47.663986,
daa3651371f5cfe0,https://br.linkedin.com/jobs/view/copeiro-at-jobbol-4437457275,Copeiro,,scraped,2026-07-07T00:28:57.966536,
2669f2efa1c78045,https://br.linkedin.com/jobs/view/pedreiro-at-jobbol-4436158316,Pedreiro,,scraped,2026-07-07T00:29:07.060306,
83d00b07c6586acf,https://br.linkedin.com/jobs/view/pedreiro-at-jobbol-4435119581,Pedreiro,,scraped,2026-07-07T00:29:14.068054,
1e89f4b5a8984cbd,https://br.linkedin.com/jobs/view/mensageiro-at-jobbol-4437468048,Mensageiro,,scraped,2026-07-07T00:29:22.181033,
df8680338f1f66ae,https://br.linkedin.com/jobs/view/oficial-polivalente-at-mrv-co-4435527775,OFICIAL POLIVALENTE,,scraped,2026-07-07T00:29:30.203901,
519414b0e5416b59,https://br.linkedin.com/jobs/view/padeiro-at-jobbol-4437451616,Padeiro,,scraped,2026-07-07T00:29:36.938323,
3236be3eeade26da,https://br.linkedin.com/jobs/view/oficial-polivalente-at-mrv-co-4435541015,OFICIAL POLIVALENTE,,scraped,2026-07-07T00:29:45.235338,
11e52917fb3abbda,https://br.linkedin.com/jobs/view/servi%C3%A7os-gerais-sp-at-audacy-consultoria-4433782003,Serviços Gerais - SP,,scraped,2026-07-07T00:29:51.869176,
abc025e88012e912,https://br.linkedin.com/jobs/view/tosador-at-jobbol-4436732823,Tosador,,scraped,2026-07-07T00:29:58.879846,
677c4a3ca3b4d0e9,https://br.linkedin.com/jobs/view/banco-de-talentos-s%C3%A3o-paulo-at-w-premium-group-4436455345,BANCO DE TALENTOS (SÃO PAULO),W Premium Group,posted,2026-07-07T00:30:15.056342,64
ff2938583df84fc2,https://br.linkedin.com/jobs/view/salva-vidas-club-med-lake-paradise-sp-at-club-med-4435433649,Salva Vidas - Club Med Lake Paradise / SP,,scraped,2026-07-07T00:30:17.672506,
d8fb1d93a0d30778,https://br.linkedin.com/jobs/view/auxiliar-de-limpeza-atibaia-sp-at-taua-resort-caete-4433759608,Auxiliar de Limpeza - Atibaia - SP,Taua Resort Caete,posted,2026-07-07T00:30:34.601227,66
8afd9b2223463582,https://br.linkedin.com/jobs/view/zelador-at-jobbol-4435371475,Zelador,,scraped,2026-07-07T00:30:37.147285,
1fc4f551673eeec0,https://br.linkedin.com/jobs/view/roupeiro-at-jobbol-4437457286,Roupeiro,,scraped,2026-07-07T00:30:44.577901,
bcc1e5fbeeba530e,https://br.linkedin.com/jobs/view/entregador-at-jobbol-4436975144,Entregador,,scraped,2026-07-07T00:31:55.166951,
084d5f6f7ba64722,https://br.linkedin.com/jobs/view/oficial-de-n%C3%A1utica-at-jobbol-4436349309,Oficial de Náutica,,scraped,2026-07-07T00:32:02.234575,
c835ffb8a665cf0a,https://br.linkedin.com/jobs/view/assistente-administrativo-at-dasa-4435479577,Assistente Administrativo,,scraped,2026-07-07T00:32:10.293702,
1517fe61c7134786,https://br.linkedin.com/jobs/view/auxiliar-de-tesouraria-at-ciee-rio-4436919134,Auxiliar de Tesouraria,,scraped,2026-07-07T00:32:18.685413,
e9c20325bff3c0a4,https://br.linkedin.com/jobs/view/caixa-ribeir%C3%A3o-preto-sp-at-ricardo-almeida-4436904822,Caixa | Ribeirão Preto (SP),,scraped,2026-07-07T00:33:32.920107,
0246f9fd4942fbd3,https://br.linkedin.com/jobs/view/auxiliar-de-produ%C3%A7%C3%A3o-i-at-abler-vagas-4436750891,Auxiliar de Produção I,abler Vagas,posted,2026-07-07T00:33:47.578268,68
a9a43ceaf00a45db,https://br.linkedin.com/jobs/view/secret%C3%A1ria-comercial-para-cl%C3%ADnica-de-medicina-hiberb%C3%A1rica-batel-at-grupo-r-%2B-4435279899,Secretária Comercial para Clínica de Medicina Hiberbárica (Batel),Grupo R +,posted,2026-07-07T00:33:59.205152,70
5ade5522f681c47c,https://br.linkedin.com/jobs/view/supervisor-a-de-infraestrutura-e-obras-civis-027399-at-lyon-engenharia-4435472947,Supervisor (a) de Infraestrutura e Obras Civis 027399,,scraped,2026-07-07T00:34:01.826604,
aaba3fa59c1d8e75,https://br.linkedin.com/jobs/view/controlador-de-acesso-condom%C3%ADnio-residencial-tatuap%C3%A9-zona-leste-at-grupo-mastercam-4436798480,"Controlador de Acesso - Condomínio Residencial - Tatuapé, Zona Leste",,scraped,2026-07-07T00:34:10.483958,
47dea9d85e4dfd2e,https://br.linkedin.com/jobs/view/balconista-bairro-jardim-izolina-filial-467-at-drogal-4436726551,Balconista (Bairro: jardim izolina | filial 467),,scraped,2026-07-07T00:34:18.642388,
3fadf57f427e06ac,https://br.linkedin.com/jobs/view/assistente-administrativo-sac-at-grupo-jardim-do-%C3%A9den-4436450406,ASSISTENTE ADMINISTRATIVO  - SAC,Grupo Jardim Do Éden,posted,2026-07-07T00:35:37.115802,72
f06cb049c0995dad,https://br.linkedin.com/jobs/view/auxiliar-de-expedi%C3%A7%C3%A3o-at-oma-condom%C3%ADnios-4437464655,Auxiliar de Expedição,,scraped,2026-07-07T00:35:39.853719,
7b6d8e0fb2e86b62,https://www.linkedin.com/jobs/view/1139345/,Marketing Country Brand Leader,Pfizer Pharmaceuticals,posted,2026-07-07T00:35:57.046748,74
0509fcb07d002ac4,https://br.linkedin.com/jobs/view/operador-a-de-caixa-at-atacad%C3%A3o-4436420414,OPERADOR (A) DE CAIXA,,scraped,2026-07-07T00:35:59.615004,
864c420dcdface03,https://br.linkedin.com/jobs/view/atendente-de-drogaria-sem-experi%C3%AAncia-dp-filial-penha-8-502496-at-grupo-dpsp-4435723283,ATENDENTE DE DROGARIA - SEM EXPERIÊNCIA - DP FILIAL PENHA 8 (502496),,scraped,2026-07-07T00:37:10.296528,
e7728f92b8f263be,https://br.linkedin.com/jobs/view/analista-financeiro-jr-concilia%C3%A7%C3%A3o-vaga-exclusiva-para-profissionais-com-defici%C3%AAncia-at-alelo-brasil-4435124264,Analista Financeiro JR - Conciliação - Vaga Exclusiva para Profissionais com Deficiência,,scraped,2026-07-07T00:37:18.171088,
aa2ab317d973e912,https://br.linkedin.com/jobs/view/operador-a-de-caixa-at-atacad%C3%A3o-4436417599,OPERADOR (A) DE CAIXA,,scraped,2026-07-07T00:37:24.659485,
19242b3ace487b72,https://br.linkedin.com/jobs/view/auxiliar-administrativo-at-resolv-4436459946,Auxiliar Administrativo,,scraped,2026-07-07T00:38:35.054143,
76b085651db211f5,https://br.linkedin.com/jobs/view/farmac%C3%AAutico-bangu-rio-de-janeiro-rj-502379-at-grupo-dpsp-4435404308,FARMACÊUTICO - BANGU / RIO DE JANEIRO (RJ) (502379),,scraped,2026-07-07T00:38:43.759124,
6c7a70d7bdcaae5b,https://br.linkedin.com/jobs/view/auxiliar-de-almoxarifado-at-wlm-scania-agro-4436716980,Auxiliar de Almoxarifado,,scraped,2026-07-07T00:38:50.542758,
71ac61a1a811f24d,https://br.linkedin.com/jobs/view/balconista-de-padaria-at-coop-consumer-cooperative-4436438619,BALCONISTA DE PADARIA,,scraped,2026-07-07T00:39:00.806771,
abbe3ae892333ce3,https://br.linkedin.com/jobs/view/zelador-volkswagen-brusque-at-grupo-breitkopf-4432779298,Zelador - Volkswagen Brusque,,scraped,2026-07-07T00:39:09.660946,
209de7822dc8b1b9,https://br.linkedin.com/jobs/view/avaliador-de-im%C3%B3veis-at-imobili%C3%A1ria-beta-4433964320,Avaliador de Imóveis,,scraped,2026-07-07T00:40:21.954922,
7eb028db31078c52,https://br.linkedin.com/jobs/view/motorista-de-carreta-pr-at-costa-rica-malhas-4433770372,Motorista de Carreta - PR,,scraped,2026-07-07T00:40:31.063645,
d4ae4e0724cc5127,https://br.linkedin.com/jobs/view/ajudante-at-comprex-m%C3%A1quinas-e-servi%C3%A7os-4434650261,AJUDANTE,,scraped,2026-07-07T00:40:41.741600,
203160f203a53046,https://br.linkedin.com/jobs/view/ajudande-de-deposito-i-sc-at-brasil-ct-4433776045,Ajudande de deposito i - SC,BrasilCT,posted,2026-07-07T00:43:08.601628,76
44b1b17e9e74bf08,https://br.linkedin.com/jobs/view/zelador-at-grupo-coneleste-vigil%C3%A2ncia-e-servi%C3%A7os-4436931929,Zelador,,scraped,2026-07-07T00:43:11.436749,
99ac59cf03de1fa2,https://br.linkedin.com/jobs/view/vaga-de-or%C3%A7amentista-df-at-construtora-planalto-4433768331,Vaga De Orçamentista - DF,,scraped,2026-07-07T00:43:18.944590,
841ea138e96a4ec4,https://br.linkedin.com/jobs/view/ajudante-geral-sp-at-grupo-masstin-4433775388,Ajudante geral - SP,,scraped,2026-07-07T00:43:29.921171,
0bdfb729194c1946,https://br.linkedin.com/jobs/view/costureira-pr-at-sonhart-confec%C3%A7%C3%B5es-4433771416,Costureira - PR,,scraped,2026-07-07T00:43:36.684711,
fae03ced0df973e0,https://br.linkedin.com/jobs/view/churrasqueiro-at-carneiro-do-ordones-butiquim-4433902408,Churrasqueiro,,scraped,2026-07-07T00:44:49.262445,
ac92045591ae6b6c,https://br.linkedin.com/jobs/view/assistente-administrativo-de-importa%C3%A7%C3%A3o-at-librelato-s-a-implementos-rodovi%C3%A1rios-4436904363,Assistente Administrativo de Importação,,scraped,2026-07-07T00:44:56.188819,
dd6bb448ee89b34b,https://br.linkedin.com/jobs/view/account-assistant-rio-de-janeiro-rj-at-spark-4435485989,Account Assistant - Rio de Janeiro/RJ,,scraped,2026-07-07T00:45:06.052272,
c1ce593ad9822dcc,https://br.linkedin.com/jobs/view/atendente-de-call-center-receptivo-at-montreal-oficial-4433998627,Atendente de Call Center - Receptivo,,scraped,2026-07-07T00:45:13.499835,
8da9537f7706f698,https://br.linkedin.com/jobs/view/analista-s-op-at-nissin-foods-do-brasil-4436055671,Analista S&OP,Nissin Foods do Brasil,posted,2026-07-07T00:45:38.175207,78
cb1058192ba54205,https://br.linkedin.com/jobs/view/atendente-de-drogaria-sem-experi%C3%AAncia-dsp-filial-conselheiro-nebias-502373-at-grupo-dpsp-4435402478,ATENDENTE DE DROGARIA - SEM EXPERIÊNCIA - DSP FILIAL CONSELHEIRO NEBIAS (502373),,scraped,2026-07-07T00:45:40.960888,
6adc37a0384606f8,https://br.linkedin.com/jobs/view/supervisor-operacional-at-grupo-solu%C3%A7%C3%A3o-cia-4436226118,SUPERVISOR OPERACIONAL,,scraped,2026-07-07T00:45:48.161785,
c2d9ff185984fe0b,https://br.linkedin.com/jobs/view/vigia-patrimonial-at-orsegups-participa%C3%A7%C3%B5es-s-a-4436788831,VIGIA PATRIMONIAL,Orsegups Participações S/A,posted,2026-07-07T00:47:10.311687,80
e8f951289b763da6,https://br.linkedin.com/jobs/view/oportunidades-de-carreira-assistente-atendimento-iii-arcelor-mittal-vit%C3%B3ria-esp%C3%ADrito-santo-1313300-at-einstein-hospital-israelita-4435472377,Oportunidades de Carreira: Assistente Atendimento III | Arcelor Mittal | Vitória (Espírito Santo) (1313300),,scraped,2026-07-07T00:47:13.000167,
538bac85cc77682c,https://br.linkedin.com/jobs/view/jovem-aprendiz-aeroporto-gale%C3%A3o-at-lider-aviation-4435476752,Jovem Aprendiz - Aeroporto Galeão,,scraped,2026-07-07T00:47:20.494177,
49bbd7ce02a465ad,https://br.linkedin.com/jobs/view/analista-comercial-jr-at-benefit-cosmetics-4436241284,Analista Comercial Jr,Benefit Cosmetics,posted,2026-07-07T00:48:40.802347,82
a7dfa0ab18d6c7b2,https://br.linkedin.com/jobs/view/est%C3%A1gi%C3%A1rio-a-em-produ%C3%A7%C3%A3o-eventos-e-ativa%C3%A7%C3%B5es-corporativas-at-ag%C3%AAncia-haute-grupo-umauma-4437441687,Estágiário(a) em Produção - Eventos e Ativações Corporativas,Agência Haute | grupo UMAUMA,posted,2026-07-07T00:48:51.952137,84
7e6ec8b717b73b42,https://br.linkedin.com/jobs/view/assistente-de-cadastro-at-sicoob-imob-vc-4436901227,Assistente de Cadastro,,scraped,2026-07-07T00:48:54.706043,
837bd2a2fc25e3ac,https://br.linkedin.com/jobs/view/coordenador-de-log%C3%ADstica-opera%C3%A7%C3%B5es-at-gn-servi%C3%A7os-de-carga-e-descarga-4436927767,Coordenador de Logística/Operações,GN SERVIÇOS DE CARGA E DESCARGA,posted,2026-07-07T00:51:22.665301,86
243f7ac139ae5120,https://br.linkedin.com/jobs/view/recepcionista-at-grupo-vila-vit%C3%B3ria-4436948970,RECEPCIONISTA,,scraped,2026-07-07T00:51:25.214326,
e9cba440bf5b3040,https://br.linkedin.com/jobs/view/assistente-de-atendimento-adm-i-at-rimatur-transportes-4437472333,Assistente de Atendimento ADM I,Rimatur Transportes,posted,2026-07-07T00:51:37.994596,88
8ade6d8d9e21b286,https://br.linkedin.com/jobs/view/assistente-de-territ%C3%B3rio-salvador-ba-at-rede-cidad%C3%A3-4436008313,Assistente de Território - Salvador/BA,,scraped,2026-07-07T00:51:40.624359,
42e04b91b97fbc3a,https://br.linkedin.com/jobs/view/biomedico-at-peopleware-rh-4435463828,Biomedico,,scraped,2026-07-07T00:52:52.372896,
476b9bfcc3562f14,https://br.linkedin.com/jobs/view/recepcionista-cl%C3%ADnica-m%C3%A9dica-cefis-at-cefis-centro-de-excel%C3%AAncia-f%C3%ADsica-de-bras%C3%ADlia-4436442899,Recepcionista  Clínica Médica (Cefis),,scraped,2026-07-07T00:52:58.682081,
c7da55001b6f67e1,https://br.linkedin.com/jobs/view/assistente-financeiro-at-atrio-hotel-management-4435463694,Assistente Financeiro,,scraped,2026-07-07T00:54:11.474496,
e927235c1b93c824,https://br.linkedin.com/jobs/view/auxiliar-administrativo-rh-dp-at-capital-da-lingerie-4436978425,AUXILIAR ADMINISTRATIVO RH/DP,,scraped,2026-07-07T00:55:21.913177,
face17214ccb3f82,https://br.linkedin.com/jobs/view/vagas-de-frentista-posto-ribeir%C3%A3o-preto-sp-sp-at-copercana-4433764668,Vagas de Frentista - Posto Ribeirão Preto-Sp - SP,,scraped,2026-07-07T00:55:30.080647,
331021d3cda52431,https://br.linkedin.com/jobs/view/faxineira-at-petrolub-industrial-de-lubrificantes-4435357852,Faxineira,Petrolub Industrial de Lubrificantes,posted,2026-07-07T00:55:46.110779,90
0dd03d812793cc97,https://br.linkedin.com/jobs/view/log%C3%ADstica-frentista-transportadora-volta-redonda-rj-at-ambev-4398185463,Logística - Frentista (Transportadora Volta Redonda/RJ),Ambev,posted,2026-07-07T00:55:58.750661,92
e806a42a961b2f1e,https://br.linkedin.com/jobs/view/dm-desenvolvimento-de-mercado-lu%C3%ADs-eduardo-magalh%C3%A3es-ba-at-agrivalle-brasil-4433989503,DM - Desenvolvimento de Mercado - Luís Eduardo Magalhães/BA,Agrivalle Brasil,posted,2026-07-07T00:57:20.093506,94
4acba66c06894901,https://br.linkedin.com/jobs/view/ajudante-de-motorista-at-emphasis-industria-e-com%C3%A9rcio-votorantim-ltda-4436155121,Ajudante de Motorista,,scraped,2026-07-07T00:57:22.728702,
2348b8439edafab8,https://br.linkedin.com/jobs/view/promotor-a-de-merchandising-at-tradex-4436425228,Promotor (a) de Merchandising,,scraped,2026-07-07T00:57:30.650629,
6df086dce382510b,https://br.linkedin.com/jobs/view/zelador-at-exodus-terceirza%C3%A7%C3%A3o-4432392470,Zelador,,scraped,2026-07-07T00:58:41.444581,
185d775a0ed1ad44,https://br.linkedin.com/jobs/view/repositor-at-economart-atacadista-4435838007,Repositor,,scraped,2026-07-07T00:59:52.053331,
e81cae260df42d03,https://br.linkedin.com/jobs/view/aux-de-limpeza-at-polo-seguran%C3%A7a-pa-4433174849,Aux de limpeza,,scraped,2026-07-07T01:00:01.194554,
8c3f300f7c3eda95,https://br.linkedin.com/jobs/view/ajudante-distribui%C3%A7%C3%A3o-at-grupo-petr%C3%B3polis-4436905503,Ajudante Distribuição,Grupo Petrópolis,posted,2026-07-07T01:00:21.494094,96
ca1a151f98163e49,https://br.linkedin.com/jobs/view/ajudante-de-copa-trancoso-ba-at-club-med-4321875874,Ajudante De Copa - Trancoso / BA,,scraped,2026-07-07T01:00:24.232153,
b7297c5719d1f648,https://br.linkedin.com/jobs/view/colorista-at-jobbol-4437108389,Colorista,,scraped,2026-07-07T01:00:30.787274,
cb429365d4b17a14,https://br.linkedin.com/jobs/view/vigilante-at-jobbol-4436792350,Vigilante,,scraped,2026-07-07T01:00:38.349787,
41c7d0512387e2cc,https://br.linkedin.com/jobs/view/frentista-at-jobbol-4435368504,Frentista,,scraped,2026-07-07T01:00:45.622141,
b50760a41956ac3f,https://br.linkedin.com/jobs/view/leiturista-at-jobbol-4436780964,Leiturista,,scraped,2026-07-07T01:01:56.766548,
7228d4a9749c7ea8,https://br.linkedin.com/jobs/view/jateador-at-jobbol-4436942708,Jateador,,scraped,2026-07-07T01:02:04.295836,
4ecc2a602a1d0e51,https://br.linkedin.com/jobs/view/rasteleiro-at-jobbol-4436413248,Rasteleiro,,scraped,2026-07-07T01:02:11.501790,
9384f8c0b6bb4c82,https://br.linkedin.com/jobs/view/motoboy-at-jobbol-4437129032,Motoboy,,scraped,2026-07-07T01:03:23.847337,
3e7fd4d3221efec7,https://br.linkedin.com/jobs/view/balanceiro-at-jobbol-4436792397,Balanceiro,,scraped,2026-07-07T01:03:31.792862,
401b763fe9772c57,https://br.linkedin.com/jobs/view/sinaleiro-at-jobbol-4437451631,Sinaleiro,,scraped,2026-07-07T01:04:42.555399,
ddac1223c32d7436,https://br.linkedin.com/jobs/view/est%C3%A1gio-v%C3%ADdeo-digital-at-grupo-itatiaia-4436912498,ESTÁGIO - VÍDEO DIGITAL,Grupo Itatiaia,posted,2026-07-07T01:06:03.783421,98
12bb77d23a43e326,https://br.linkedin.com/jobs/view/armador-interlagos-at-mrv-co-4436923966,ARMADOR - INTERLAGOS,,scraped,2026-07-07T01:06:06.400809,
b9f5443e168d4edf,https://br.linkedin.com/jobs/view/analista-de-melhoria-cont%C3%ADnua-at-id-logistics-brasil-4436459953,Analista de Melhoria Contínua,ID Logistics - Brasil,posted,2026-07-07T01:06:25.957007,100
63ebebf368336afd,https://br.linkedin.com/jobs/view/assistente-promocional-juiz-de-fora-at-grupo-itatiaia-4436446660,ASSISTENTE PROMOCIONAL - JUIZ DE FORA,,scraped,2026-07-07T01:06:28.602241,
d7e797a3865073eb,https://br.linkedin.com/jobs/view/assistente-administrativo-vendas-at-kion-south-america-4435724288,Assistente Administrativo (Vendas),,scraped,2026-07-07T01:06:47.372999,
7c2ca8b0edaeed25,https://br.linkedin.com/jobs/view/estoquista-at-nova-era-agr%C3%ADcola-4436925030,Estoquista,,scraped,2026-07-07T01:06:54.644960,
f62ae7b9ce855f96,https://br.linkedin.com/jobs/view/auxiliar-de-opera%C3%A7%C3%B5es-at-dislub-combust%C3%ADveis-4435491106,Auxiliar de Operações,,scraped,2026-07-07T01:08:07.579532,
ea28794646ec82d1,https://br.linkedin.com/jobs/view/atendente-petz-copacabana-at-petz-4436792294,Atendente - Petz Copacabana,,scraped,2026-07-07T01:08:14.853572,
ce562b62567b2f8a,https://br.linkedin.com/jobs/view/auxiliar-de-cadastro-at-uniben-sa%C3%BAde-4436457316,Auxiliar de Cadastro,,scraped,2026-07-07T01:08:23.648053,
cfa2c5268cd6dc32,https://br.linkedin.com/jobs/view/coletor-de-amostras-ambientais-at-jobbol-4436969334,Coletor de Amostras Ambientais,,scraped,2026-07-07T01:10:43.427580,
351559635c75a9d6,https://br.linkedin.com/jobs/view/zelador-at-jobbol-4436783969,Zelador,,scraped,2026-07-07T01:11:54.498850,
d8723e3999b6e724,https://br.linkedin.com/jobs/view/vistoriador-de-ve%C3%ADculos-at-jobbol-4435317084,Vistoriador de Veículos,,scraped,2026-07-07T01:13:05.702884,
42416d0065e862e5,https://br.linkedin.com/jobs/view/ajudante-de-restaurante-cumim-rio-das-pedras-rio-de-janeiro-at-club-med-4321865765,Ajudante De Restaurante/ Cumim - Rio Das Pedras / RIO DE JANEIRO,,scraped,2026-07-07T01:15:22.437042,
505621d6a1270e7f,https://br.linkedin.com/jobs/view/jardineiro-at-jobbol-4435894645,Jardineiro,,scraped,2026-07-07T01:16:32.607795,
45875b01972427f0,https://br.linkedin.com/jobs/view/vistoriador-de-im%C3%B3veis-at-jobbol-4436101196,Vistoriador de Imóveis,,scraped,2026-07-07T01:17:44.329173,
a101079d3392ebcf,https://br.linkedin.com/jobs/view/inspetor-a-de-tr%C3%A2nsito-at-grupo-epr-4321089334,INSPETOR (A) DE TRÂNSITO,Grupo EPR,posted,2026-07-07T01:18:06.189231,102
ac563dd5b7ba8591,https://br.linkedin.com/jobs/view/fiscal-de-loja-at-jobbol-4436727928,Fiscal de Loja,,scraped,2026-07-07T01:18:08.918831,
f00bad9026beb7f6,https://br.linkedin.com/jobs/view/meio-oficial-pintor-at-mrv-co-4436708040,MEIO OFICIAL PINTOR,,scraped,2026-07-07T01:18:18.579398,
79a019a8a5dcf047,https://br.linkedin.com/jobs/view/asg-alagoinhas-ba-at-conservice-4433773347,ASG - ALAGOINHAS - BA,,scraped,2026-07-07T01:19:29.220719,
776c8642245af4f6,https://br.linkedin.com/jobs/view/moderadora-de-conteudo-at-rockty-4436459194,MODERADORA DE CONTEUDO,Rockty,posted,2026-07-07T01:19:48.073614,104
014b2f570d530af8,https://br.linkedin.com/jobs/view/executivo-a-de-contas-estrat%C3%A9gicas-iii-farmer-zona-leste-at-ifood-4437470525,Executivo(a) de Contas Estratégicas III - (Farmer) - Zona Leste,,scraped,2026-07-07T01:19:50.780808,
73c64c40da1830f6,https://br.linkedin.com/jobs/view/auxiliar-de-cadastro-at-uniben-sa%C3%BAde-4436917175,Auxiliar de Cadastro,,scraped,2026-07-07T01:19:57.922345,
4855f315123e128c,https://br.linkedin.com/jobs/view/jovem-aprendiz-compras-at-pravaler-4435285570,Jovem Aprendiz - Compras,,scraped,2026-07-07T01:20:09.159020,
081c9781fc48b49a,https://br.linkedin.com/jobs/view/coordenador-de-compras-at-momesso-ind%C3%BAstria-de-m%C3%A1quinas-de-tratamento-e-beneficiamento-de-sementes-ltda-4436923080,Coordenador de Compras,,scraped,2026-07-07T01:20:16.161777,
9962b5e7a056878e,https://br.linkedin.com/jobs/view/auxiliar-de-contabilidade-at-abler-vagas-4436764285,AUXILIAR DE CONTABILIDADE,,scraped,2026-07-07T01:20:27.707112,
3262904857a45d7c,https://br.linkedin.com/jobs/view/jovem-aprendiz-administrativo-at-porter-4435489859,Jovem Aprendiz Administrativo,,scraped,2026-07-07T01:20:35.452764,
df30645cac681300,https://br.linkedin.com/jobs/view/representante-de-vendas-n%C3%ADvel-brasil-at-grupo-mf-paris-alimentos-4436461099,Representante de vendas (Nível Brasil),,scraped,2026-07-07T01:21:48.926097,
434bb386205e36c5,https://br.linkedin.com/jobs/view/ajudante-geral-at-bm-vagas-4436442884,AJUDANTE GERAL,,scraped,2026-07-07T01:21:56.437759,
712bef6a860ed1d4,https://br.linkedin.com/jobs/view/gerente-comercial-at-pacaembu-construtora-4435470932,Gerente Comercial,,scraped,2026-07-07T01:22:04.635861,
fdc9e6aa89d2c7b8,https://br.linkedin.com/jobs/view/steward-at-jobbol-4435136204,Steward,,scraped,2026-07-07T01:22:13.378738,
6486470fc6a71423,https://br.linkedin.com/jobs/view/porteiro-ma-at-conservice-4433767572,Porteiro - MA,,scraped,2026-07-07T01:22:21.621702,
c0993e4dccdd71d0,https://br.linkedin.com/jobs/view/embalador-at-grupo-abc-supermercados-4435831231,EMBALADOR,,scraped,2026-07-07T01:23:31.889558,
e2048c957b95b790,https://br.linkedin.com/jobs/view/vigilante-at-brink%E2%80%99s-inc-4368459303,VIGILANTE,,scraped,2026-07-07T01:23:38.896961,
bfed9bf2a1a885b0,https://br.linkedin.com/jobs/view/montador-de-equipamentos-masculino-sp-at-taua-resort-caete-4433780093,Montador de Equipamentos - Masculino - SP,Taua Resort Caete,posted,2026-07-07T01:24:03.910276,106
e3f441fb5a4abd95,https://br.linkedin.com/jobs/view/ajudante-de-entrega-empregos-em-destaque-at-up-consultorias-4433779738,Ajudante de Entrega - Empregos em Destaque,,scraped,2026-07-07T01:24:06.656612,
362c64e6f2a6e216,https://br.linkedin.com/jobs/view/ajudante-transporte-uni%C3%A3o-dos-palmares-al-at-grupo-petr%C3%B3polis-4437416733,Ajudante Transporte - União dos Palmares/AL,Grupo Petrópolis,posted,2026-07-07T01:24:26.233313,108
5b428ce00c1ddbe9,https://br.linkedin.com/jobs/view/cumim-at-jobbol-4436355096,Cumim,,scraped,2026-07-07T01:24:28.958740,
f6c3f2bea308f9c4,https://br.linkedin.com/jobs/view/auxiliar-de-limpeza-at-bravir-4436448569,Auxiliar de Limpeza,,scraped,2026-07-07T01:24:37.060012,
2166c77bf6bf6ad3,https://br.linkedin.com/jobs/view/lavador-bras%C3%ADlia-df-at-roderotas-4433770480,LAVADOR - BRASÍLIA - DF,,scraped,2026-07-07T01:24:50.215219,
c46c08403d495cfe,https://br.linkedin.com/jobs/view/assistente-jur%C3%ADdico-at-meirelles-ramos-advocacia-4436936370,Assistente Jurídico,,scraped,2026-07-07T01:24:57.402205,
1b35ce09d17b1b85,https://br.linkedin.com/jobs/view/sucesso-e-experi%C3%AAncia-do-cliente-at-b2-ag%C3%AAncia-4436913396,Sucesso e Experiência do Cliente,,scraped,2026-07-07T01:26:11.572272,
769a12d2ff47aa7d,https://br.linkedin.com/jobs/view/ajudante-de-log%C3%ADstica-at-abler-vagas-4436794627,Ajudante de Logística,,scraped,2026-07-07T01:26:19.656122,
495bd9f146081f88,https://br.linkedin.com/jobs/view/atendimento-ao-p%C3%BAblico-at-alert-brasil-4436701657,Atendimento Ao Público,Alert Brasil,posted,2026-07-07T01:27:55.749596,110
4e6b7676c53be188,https://br.linkedin.com/jobs/view/oportunidades-de-carreira-supervisor-de-manuten%C3%A7%C3%A3o-gest%C3%A3o-operacional-e-processos-de-utilidade-1312470-at-einstein-hospital-israelita-4435484657,Oportunidades de Carreira: Supervisor de Manutenção | Gestão Operacional e Processos de Utilidade (1312470),,scraped,2026-07-07T01:27:58.546108,
a66b0ead9e1e6223,https://br.linkedin.com/jobs/view/atendente-de-drogaria-sem-experi%C3%AAncia-dp-filial-botafogo-7-502566-at-grupo-dpsp-4436018681,ATENDENTE DE DROGARIA - SEM EXPERIÊNCIA - DP FILIAL BOTAFOGO 7 (502566),,scraped,2026-07-07T01:28:06.416446,
d4bd27381373f12e,https://br.linkedin.com/jobs/view/t%C3%A9cnico-de-laborat%C3%B3rio-%E2%80%94-controle-de-qualidade-at-apsen-farmac%C3%AAutica-4433990240,Técnico de Laboratório — Controle de Qualidade,,scraped,2026-07-07T01:29:17.813299,
085cac3ed90961ae,https://br.linkedin.com/jobs/view/analista-financeiro-at-cantu-inc-4433996638,Analista Financeiro,Cantu Inc,posted,2026-07-07T01:30:42.661077,112
412348626fbc0565,https://br.linkedin.com/jobs/view/assistente-sr-administrativo-duque-de-caxias-rj-at-white-martins-4436786947,Assistente Sr Administrativo- Duque de Caxias/RJ,,scraped,2026-07-07T01:30:45.360956,
81d665811558b36c,https://br.linkedin.com/jobs/view/auxiliar-administrativo-governador-valadares-mg-at-divis%C3%A3o-com%C3%A9rcio-grupo-%C3%A1guia-branca-4436975185,Auxiliar Administrativo - Governador Valadares/MG,Divisão Comércio - Grupo Águia Branca,posted,2026-07-07T01:31:38.559535,114
130b8e06883bfdce,https://br.linkedin.com/jobs/view/dispatcher-at-vestas-4436787204,Dispatcher,,scraped,2026-07-07T01:31:41.184424,
ee273356e7bc670a,https://br.linkedin.com/jobs/view/comprador-csc-at-liga-alvaro-bahia-contra-a-mortalidade-infantil-4433190894,COMPRADOR | CSC,,scraped,2026-07-07T01:31:49.240268,
5db3cb108cf17572,https://br.linkedin.com/jobs/view/livrarias-curitiba-at-livrarias-curitiba-4436002070,LIVRARIAS CURITIBA,,scraped,2026-07-07T01:32:05.113151,
3894ea4394acfaad,https://br.linkedin.com/jobs/view/picker-at-space-capital-4433926357,Picker,,scraped,2026-07-07T01:32:16.599875,
95bacaaabc370ce9,https://br.linkedin.com/jobs/view/limpador-de-vidros-sp-at-danlex-servi%C3%A7os-4433762496,Limpador de vidros - SP,,scraped,2026-07-07T01:32:47.342750,
38f072086d22164d,https://br.linkedin.com/jobs/view/dba-at-capgemini-4436436267,DBA,,scraped,2026-07-07T01:32:54.500745,
1c38cb26599b7694,https://br.linkedin.com/jobs/view/zelador-sp-at-irh-servi%C3%A7os-4433771291,Zelador - SP,,scraped,2026-07-07T01:33:01.064920,
38448d04ffa7e7bb,https://br.linkedin.com/jobs/view/porteiro-at-unimed-maranh%C3%A3o-do-sul-4433964321,Porteiro,,scraped,2026-07-07T01:33:09.845138,
26bab120f88aa6ce,https://br.linkedin.com/jobs/view/operador-de-loja-1-limpeza-sp-at-coocerqui-4433919176,OPERADOR DE LOJA 1 - LIMPEZA - SP,,scraped,2026-07-07T01:33:17.721600,
657ccd67c532260f,https://br.linkedin.com/jobs/view/ajudante-de-motorista-mg-at-rede-construai-4433773393,Ajudante de motorista - MG,,scraped,2026-07-07T01:34:29.393132,
7ba794267c212b7b,https://br.linkedin.com/jobs/view/faxineira-laborat%C3%B3rio-de-sementes-fazenda-panorama-at-slc-agr%C3%ADcola-4436080937,Faxineira - Laboratório de Sementes - Fazenda Panorama,,scraped,2026-07-07T01:34:37.159614,
8e2cacaaf8b8537a,https://br.linkedin.com/jobs/view/steward-at-hotel-emiliano-4436924417,Steward,,scraped,2026-07-07T01:34:44.160694,
e3a5bb9a808415cf,https://br.linkedin.com/jobs/view/cumim-df-at-caminito-parrilla-4433758931,Cumim - DF,,scraped,2026-07-07T01:34:56.755737,
1c2584bc737f7c26,https://br.linkedin.com/jobs/view/promotor-a-de-merchandising-at-tradex-4436406997,Promotor (a) de Merchandising,,scraped,2026-07-07T01:35:04.126396,
8480dda358537c2d,https://br.linkedin.com/jobs/view/telhador-at-grupo-magi-4434304107,TELHADOR,,scraped,2026-07-07T01:35:11.113489,
20d2fce3c935f941,https://br.linkedin.com/jobs/view/operador-de-perec%C3%ADveis-padaria-at-oficial-atakarejo-4431954339,Operador de Perecíveis - Padaria,,scraped,2026-07-07T01:35:21.310016,
e50fe8baf15f3a35,https://br.linkedin.com/jobs/view/jardineiro-%E2%80%93-zona-sul-%E2%80%93-porto-alegre-%E2%80%93-rs-porto-alegre-profissional-procurado-at-desenfecsul-limpadora-e-conservadora-de-pr%C3%A9dios-ltda-4433152999,Jardineiro – Zona Sul – Porto Alegre – RS - Porto Alegre - Profissional Procurado,Desenfecsul Limpadora e Conservadora de Prédios LTDA.,posted,2026-07-07T01:35:56.246538,116
7de8153d87bdd074,https://br.linkedin.com/jobs/view/ajudante-geral-jaboat%C3%A3o-dos-guararapes-pe-at-conservice-4433763499,AJUDANTE GERAL - JABOATÃO DOS GUARARAPES - PE,,scraped,2026-07-07T01:35:58.909588,
b0b74f9e70c61b74,https://br.linkedin.com/jobs/view/auxiliar-de-cozinha-pe-at-bercy-village-4433768579,Auxiliar de Cozinha - PE,Bercy Village,posted,2026-07-07T01:36:21.917136,118
51c61388bbc05af2,https://br.linkedin.com/jobs/view/degustador-a-gramado-canela-empregos-em-destaque-at-severas-merchandising-4433785261,Degustador (A) - Gramado / Canela - Empregos em Destaque,,scraped,2026-07-07T01:36:24.888910,
c3c5d48a3f663d72,https://br.linkedin.com/jobs/view/empacotador-manh%C3%A3-at-supermercados-andreazza-4435465627,Empacotador/ manhã,,scraped,2026-07-07T01:36:32.722850,
8fc14f583a7b3d7b,https://br.linkedin.com/jobs/view/empacotador-manh%C3%A3-at-supermercados-andreazza-4435470423,Empacotador/ manhã,,scraped,2026-07-07T01:36:41.524391,
ef30d122e4809e95,https://br.linkedin.com/jobs/view/atendente-de-drogaria-sem-experi%C3%AAncia-dp-filial-vila-isabel-2-502563-at-grupo-dpsp-4436029196,ATENDENTE DE DROGARIA - SEM EXPERIÊNCIA - DP FILIAL VILA ISABEL 2 (502563),,scraped,2026-07-07T01:36:50.923502,
2808927d3a34c44f,https://br.linkedin.com/jobs/view/auxiliar-de-limpeza-faz-modelo-casa-diretoria-at-gees-s-a-4433997616,Auxiliar de limpeza - Faz. Modelo / Casa Diretoria,,scraped,2026-07-07T01:36:58.231409,
6b625bd35fb8f857,https://br.linkedin.com/jobs/view/operador-a-de-ve%C3%ADculos-limeira-sp-at-banco-pan-4436419841,Operador(a) de Veículos - Limeira/SP,Banco PAN,posted,2026-07-07T01:37:18.121799,120
62e5e67c0a012840,https://br.linkedin.com/jobs/view/analista-controle-qualidade-pl-at-ems-4436242742,ANALISTA CONTROLE QUALIDADE PL,,scraped,2026-07-07T01:37:21.004767,
aadf473f22491fe9,https://br.linkedin.com/jobs/view/coordenador-de-compras-e-almoxarifado-at-bm-vagas-4436462058,COORDENADOR DE COMPRAS E ALMOXARIFADO,,scraped,2026-07-07T01:37:28.824595,
0ecb682798e9f91b,https://br.linkedin.com/jobs/view/auxiliar-de-escrit%C3%B3rio-presencial-palho%C3%A7a-sc-at-talent-tech-recrutamento-para-tecnologia-4435475426,Auxiliar de Escritório - Presencial (Palhoça - SC),Talent&Tech | Recrutamento Para Tecnologia,posted,2026-07-07T01:37:46.992081,122
305570be10f800e1,https://br.linkedin.com/jobs/view/assistente-de-planejamento-at-jabil-4435480523,ASSISTENTE DE PLANEJAMENTO,Jabil,posted,2026-07-07T01:37:56.616679,124
d09cce368b8ee065,https://br.linkedin.com/jobs/view/assistente-de-backoffice-at-grupo-att-4436737151,Assistente de Backoffice,,scraped,2026-07-07T01:37:59.243704,
7f684924e4070be8,https://www.linkedin.com/jobs/view/334286/,"1,000+International Financial Advisor Jobs in United States",,failed|wp_post_failed,2026-07-07T01:38:08.842137,
5ad281bb81052c3b,https://br.linkedin.com/jobs/view/porteiro-at-netsource-4436422340,Porteiro,,scraped,2026-07-07T01:38:11.873641,
04540bb416ac9cf6,https://br.linkedin.com/jobs/view/inspetor-de-tr%C3%A1fego-at-concession%C3%A1ria-nova-rota-do-oeste-4433133507,INSPETOR DE TRÁFEGO,,scraped,2026-07-07T01:38:49.296964,
1bd626bb0b3240aa,https://br.linkedin.com/jobs/view/inspetor-a-de-tr%C3%A2nsito-at-grupo-epr-4435039412,INSPETOR(A) DE TRÂNSITO,Grupo EPR,posted,2026-07-07T01:39:11.249105,102
a1ff61e5a2cd4040,https://br.linkedin.com/jobs/view/preparador-de-ve%C3%ADculos-es-at-grupo-prime-4433769260,Preparador de veículos - ES,,scraped,2026-07-07T01:39:13.870140,
524a89dceea84998,https://br.linkedin.com/jobs/view/promotor-repositor-at-ever-trade-marketing-4436101732,Promotor Repositor,,scraped,2026-07-07T01:39:20.920444,
4df57f369c3ea4ca,https://br.linkedin.com/jobs/view/fiscal-de-preven%C3%A7%C3%A3o-de-perdas-ce-at-cometa-supermercados-4433759884,Fiscal de Prevenção de Perdas - CE,,scraped,2026-07-07T01:39:30.179032,
4cf105a8c964ac54,https://br.linkedin.com/jobs/view/inspetor-de-preven%C3%A7%C3%A3o-de-perdas-at-grupo-centerbox-4436917169,Inspetor de Prevenção de Perdas,,scraped,2026-07-07T01:39:48.866071,
4f891c96f7efa3f9,https://br.linkedin.com/jobs/view/shopper-at-dark-stores-brasil-4433108471,Shopper,,scraped,2026-07-07T01:39:55.639879,
cee71b8e2bef00c6,https://br.linkedin.com/jobs/view/camareiro-a-pousada-rural-sesc-at-sesc-santa-catarina-4433134198,Camareiro (a)  (Pousada Rural Sesc),,scraped,2026-07-07T01:40:13.811010,
2d9bf38e7ceafcf8,https://www.linkedin.com/jobs/view/1090279/,"1,000+Talent Agent Jobs in United States",,failed|wp_post_failed,2026-07-07T01:40:30.537262,
d04bc6d95f1a1c5c,https://br.linkedin.com/jobs/view/encarregado-de-produ%C3%A7%C3%A3o-trainee-at-stellantis-south-america-4436976175,ENCARREGADO DE PRODUÇÃO TRAINEE,Stellantis South America,posted,2026-07-07T01:40:45.338310,126
99b1819545cdfe9b,https://br.linkedin.com/jobs/view/assistente-financeiro-at-beatrice-peanuts-4436969035,Assistente Financeiro,,scraped,2026-07-07T01:40:47.824415,
827180729cd0dacf,https://br.linkedin.com/jobs/view/atendente-de-drogaria-sem-experi%C3%AAncia-dp-filial-rio-das-ostras-3-502362-at-grupo-dpsp-4435403406,ATENDENTE DE DROGARIA - SEM EXPERIÊNCIA - DP FILIAL RIO DAS OSTRAS 3 (502362),,scraped,2026-07-07T01:40:54.904425,
143fb74ef55ac516,https://br.linkedin.com/jobs/view/auxiliar-administrativo-comercial-trabalhe-de-casa-at-empresa-confidencial-4436950211,Auxiliar Administrativo Comercial - Trabalhe de casa,Empresa Confidencial,posted,2026-07-07T01:41:12.942595,128
a9c329a970ca8ac3,https://br.linkedin.com/jobs/view/auxiliar-de-logistica-embalagem-at-dhl-supply-chain-4435317227,AUXILIAR DE LOGISTICA EMBALAGEM,DHL Supply Chain,posted,2026-07-07T01:42:00.545446,130
067a383047251662,https://br.linkedin.com/jobs/view/oportunidades-de-carreira-tecnico-enfermagem-uti-hospital-de-urg%C3%AAncias-de-goi%C3%A1s-1313742-at-einstein-hospital-israelita-4435478142,Oportunidades de Carreira: Tecnico Enfermagem - (UTI) - Hospital de Urgências de GOIÁS (1313742),,scraped,2026-07-07T01:42:03.462253,
59332c7359bcc3da,https://br.linkedin.com/jobs/view/caixa-at-abler-vagas-4436437017,Caixa,abler Vagas,posted,2026-07-07T01:42:17.840921,132
bfaaa9f4851a9fee,https://br.linkedin.com/jobs/view/atendente-receptivo-at-tel-contact-center-4437461655,Atendente Receptivo,,scraped,2026-07-07T01:42:20.691013,
fb4a5d718598150e,https://br.linkedin.com/jobs/view/analista-financeiro-at-ouro-safra-4436219890,Analista Financeiro,,scraped,2026-07-07T01:42:27.927242,
b6ca3c96a182d536,https://br.linkedin.com/jobs/view/assistente-financeiro-contas-a-pagar-e-receber-at-real-consultoria-imobili%C3%A1ria-4436482943,Assistente Financeiro - Contas a Pagar e Receber,Real Consultoria Imobiliária,posted,2026-07-07T01:43:22.081825,134
a433553b07e9cb3e,https://br.linkedin.com/jobs/view/supervisor-a-de-manuten%C3%A7%C3%A3o-at-riale-hot%C3%A9is-4436462064,Supervisor (a) de Manutenção,,scraped,2026-07-07T01:43:24.811249,
fab58df810f000fe,https://br.linkedin.com/jobs/view/assistente-jur%C3%ADdico-a-trabalhista-com%C3%A9rcio-at-global-consultoria-empresarial-4436005991,Assistente Jurídico(a) Trabalhista (Comércio),Global Consultoria Empresarial,posted,2026-07-07T01:43:47.740569,136
e141375018f3b16b,https://br.linkedin.com/jobs/view/auxiliar-de-aplica%C3%A7%C3%A3o-at-flora-agroneg%C3%B3cio-4436908071,Auxiliar de Aplicação,Flora Agronegócio,posted,2026-07-07T01:43:59.198056,138
82ca90ffd39f9ccd,https://br.linkedin.com/jobs/view/auxiliar-de-recep%C3%A7%C3%A3o-telefonia-at-hotel-nacional-inn-jaragu%C3%A1-by-nacional-inn-4436446677,Auxiliar de Recepção (Telefonia),,scraped,2026-07-07T01:44:01.859721,
39ca907321e556d8,https://br.linkedin.com/jobs/view/assistente-de-coordena%C3%A7%C3%A3o-educa%C3%A7%C3%A3o-infantil-e-fundamental-i-at-bm-vagas-4436707544,Assistente de Coordenação Educação Infantil e Fundamental I,,scraped,2026-07-07T01:44:09.321581,
d8279e84a38bbf75,https://br.linkedin.com/jobs/view/t%C3%A9cnico-a-mec%C3%A2nico-at-lyon-engenharia-4435474850,Técnico(a) Mecânico,,scraped,2026-07-07T01:44:17.584581,
29b297d28de5a1bf,https://br.linkedin.com/jobs/view/recepcionista-at-jobbol-4436496317,Recepcionista,,scraped,2026-07-07T01:44:25.689416,
5a331c1cd28e51a3,https://br.linkedin.com/jobs/view/coordenador-de-crc-linha-amarela-at-m-a-m%C3%A1quinas-agr%C3%ADcolas-4436755974,COORDENADOR DE CRC - LINHA AMARELA,,scraped,2026-07-07T01:44:34.467677,
77e850a6315780cd,https://br.linkedin.com/jobs/view/analista-de-administra%C3%A7%C3%A3o-de-pessoal-at-unimed-piracicaba-4433995723,Analista de Administração de Pessoal,Unimed Piracicaba,posted,2026-07-07T01:44:50.964725,140
b5fb4d3fa7f73502,https://br.linkedin.com/jobs/view/camareiro-at-jobbol-4436347416,Camareiro,,scraped,2026-07-07T01:44:53.591230,
aedb21d6e331dbb6,https://br.linkedin.com/jobs/view/analista-de-vendas-at-jobbol-4436908826,Analista de Vendas,,scraped,2026-07-07T01:45:00.647746,
d1a3bb25337060d3,https://br.linkedin.com/jobs/view/zelador-at-jobbol-4437467074,Zelador,,scraped,2026-07-07T01:45:07.982946,
60b9a23eca3ca290,https://br.linkedin.com/jobs/view/ajudante-geral-at-jobbol-4437466074,Ajudante Geral,,scraped,2026-07-07T01:45:15.196138,
3d2f51c56fd584c5,https://br.linkedin.com/jobs/view/reabastecedor-m%C3%A1quina-de-caf%C3%A9-at-jobbol-4435301784,Reabastecedor Máquina de Café,,scraped,2026-07-07T01:45:22.437822,
8fcddedaf10a89d0,https://br.linkedin.com/jobs/view/promotor-a-de-merchandising-at-tradex-4436423274,Promotor (a) de Merchandising,,scraped,2026-07-07T01:45:29.628186,
23e87dae14e88c6f,https://br.linkedin.com/jobs/view/talhador-de-amostra-at-jobbol-4435376354,Talhador de Amostra,,scraped,2026-07-07T01:45:36.308400,
c85cc1faf7105849,https://br.linkedin.com/jobs/view/barman-at-jobbol-4437108867,Barman,,scraped,2026-07-07T01:45:43.660685,
e61abc6b1aa74455,https://br.linkedin.com/jobs/view/graxaria-cidade-ocidental-profissional-procurado-at-up-consultorias-4433738369,Graxaria - Cidade Ocidental - Profissional Procurado,,scraped,2026-07-07T01:45:50.809915,
09717b976adfee0f,https://br.linkedin.com/jobs/view/bombeiro-civil-at-jobbol-4436960123,Bombeiro Civil,,scraped,2026-07-07T01:45:58.523180,
68d2a556a74ec28f,https://br.linkedin.com/jobs/view/salgadeiro-at-jobbol-4436350300,Salgadeiro,,scraped,2026-07-07T01:46:05.755328,
60d6914651143abd,https://br.linkedin.com/jobs/view/maqueiro-uni-adulto-hospital-novo-atibaia-sp-at-taua-resort-caete-4433774441,Maqueiro - UNI Adulto - Hospital Novo Atibaia - SP,Taua Resort Caete,posted,2026-07-07T01:46:35.911895,142
1f46a133cbabc9ad,https://br.linkedin.com/jobs/view/pedreiro-uberlandia-uberl%C3%A2ndia-profissional-procurado-at-up-consultorias-4433795100,Pedreiro Uberlandia - Uberlândia - Profissional Procurado,,scraped,2026-07-07T01:46:38.509037,
9eaac1b9fe07fe7b,https://br.linkedin.com/jobs/view/motoboy-jau-sp-at-danlex-servi%C3%A7os-4433774268,Motoboy - JAU - SP,,scraped,2026-07-07T01:46:46.111805,
983de04de5f08193,https://br.linkedin.com/jobs/view/agente-dedetizador-at-jobbol-4435372414,Agente Dedetizador,,scraped,2026-07-07T01:46:53.210980,
a5977279b1e5c359,https://br.linkedin.com/jobs/view/vagas-de-auxiliar-de-produ%C3%A7%C3%A3o-em-tatu%C3%AD-at-pat-4435563866,Vagas de Auxiliar de Produção em Tatuí,PAT,posted,2026-07-07T01:47:51.086136,144
3ef38e86b0e40aa0,https://br.linkedin.com/jobs/view/camareira-at-jobbol-4436794228,Camareira,,scraped,2026-07-07T01:47:53.848384,
7c125fc1e476a169,https://br.linkedin.com/jobs/view/ajudante-de-restaurante-cumim-club-med-lake-paradise-sp-at-club-med-4321955906,Ajudante De Restaurante/ Cumim - Club Med Lake Paradise / SP,,scraped,2026-07-07T01:48:01.060491,
dbbe4a88f85d0f8c,https://br.linkedin.com/jobs/view/zelador-at-jobbol-4437465104,Zelador,,scraped,2026-07-07T01:48:07.697090,
a0457b73c3ce45b3,https://br.linkedin.com/jobs/view/repositor-at-jobbol-4435137138,Repositor,,scraped,2026-07-07T01:48:14.668959,
5e58e8e86d2ad2d5,https://br.linkedin.com/jobs/view/vaga-de-auxiliar-de-servi%C3%A7os-gerais-em-tatu%C3%AD-at-pat-4435102143,Vaga de Auxiliar de Serviços Gerais em Tatuí,PAT,posted,2026-07-07T01:49:06.386954,146
c121a8eafc5b5690,https://br.linkedin.com/jobs/view/encarregado-de-limpeza-mg-at-danlex-servi%C3%A7os-4433915216,Encarregado de Limpeza - MG,,scraped,2026-07-07T01:49:08.996040,
38db5241acd2f0c6,https://br.linkedin.com/jobs/view/auxiliar-de-controlador-de-pragas-e-limpeza-de-caixas-d%E2%80%99%C3%A1gua-sp-at-taua-resort-caete-4433913252,Auxiliar de Controlador de Pragas e Limpeza de Caixas d’água - SP,,scraped,2026-07-07T01:49:15.723164,
38a97543e3ba1eeb,https://br.linkedin.com/jobs/view/auxiliar-de-limpeza-campinassp-sp-at-danlex-servi%C3%A7os-4433775102,Auxiliar de Limpeza - CampinasSP - SP,,scraped,2026-07-07T01:49:23.990240,
5fa6bb5653a86522,https://br.linkedin.com/jobs/view/padeiro-at-supermercados-andreazza-4435477924,Padeiro,,scraped,2026-07-07T01:49:30.656577,
5200597ef6c6e199,https://br.linkedin.com/jobs/view/trocador-de-oleo-mg-at-conecta-recursos-humanos-ltda-4433773330,TROCADOR DE OLEO - MG,,scraped,2026-07-07T01:49:39.485617,
f8efb2f9113cb2a1,https://br.linkedin.com/jobs/view/motorista-at-redemais-rn-4436375399,MOTORISTA,,scraped,2026-07-07T01:50:06.173700,
1c082f1e7d30944f,https://br.linkedin.com/jobs/view/ajudante-de-restaurante-cumim-rio-das-pedras-rio-de-janeiro-at-club-med-4321816034,Ajudante De Restaurante/ Cumim - Rio Das Pedras / RIO DE JANEIRO,,scraped,2026-07-07T01:50:21.953942,
76d1df90344b68a6,https://br.linkedin.com/jobs/view/fiscal-de-preven%C3%A7%C3%A3o-de-perdas-loja-34-pacajus-ce-at-freitas-4432784120,Fiscal de Prevenção de Perdas (Loja 34 - Pacajus/CE),Freitas,posted,2026-07-07T01:50:41.187269,148
7e1fae63ee626812,https://br.linkedin.com/jobs/view/auxiliar-servicos-gerais-at-oficial-atakarejo-4433960678,AUXILIAR SERVICOS GERAIS -,,scraped,2026-07-07T01:50:43.977304,
a31fa1d2667da25a,https://br.linkedin.com/jobs/view/marmorista-4433120326,Marmorista,J.A. Marmoraria,posted,2026-07-07T01:51:07.622710,150
934fb37d3799eac2,https://br.linkedin.com/jobs/view/vaga-de-frentista-posto-barretos-sp-sp-at-copercana-4433766342,Vaga de Frentista - Posto Barretos-Sp - SP,,scraped,2026-07-07T01:51:10.149893,
46af838dbec9d187,https://br.linkedin.com/jobs/view/a%C3%A7ougueiro-at-villefort-consulting-4433783959,Açougueiro,,scraped,2026-07-07T01:51:17.989936,
b6780688fe4fef46,https://br.linkedin.com/jobs/view/controlador-de-fluxo-at-%C3%A1guia-branca-4435288102,CONTROLADOR DE FLUXO,,scraped,2026-07-07T01:51:24.996921,
deb8e6d002c3b62f,https://br.linkedin.com/jobs/view/auxiliar-de-limpeza-es-at-emidio-pais-4433757751,Auxiliar de Limpeza - - ES,,scraped,2026-07-07T01:51:32.647365,
5f1870c3e623c147,https://br.linkedin.com/jobs/view/borracheiro-sc-at-transmagna-4433901976,Borracheiro - SC,,scraped,2026-07-07T01:51:52.399675,
a0b3b4c2ab2fa79a,https://br.linkedin.com/jobs/view/ajudante-de-motorista-sc-at-segala-s-alimentos-4433779088,Ajudante de motorista - SC,Segala's Alimentos,posted,2026-07-07T01:52:11.482794,152
02581851ada4817b,https://br.linkedin.com/jobs/view/camareira-at-portal-da-princesa-hotel-4437441365,Camareira,,scraped,2026-07-07T01:52:14.197136,
887f05f994b1d8b6,https://br.linkedin.com/jobs/view/monitor-de-brinquedos-radicais-hot%C3%A9is-at-grupo-vilarejo-4435354900,Monitor de Esportes Radicais - Hotéis,,scraped,2026-07-07T01:52:21.749492,
1529dffa463239c6,https://br.linkedin.com/jobs/view/ajudante-de-cozinha-i-cozinha-at-barbosa-supermercados-4436152803,AJUDANTE DE COZINHA I - COZINHA,,scraped,2026-07-07T01:52:31.550688,
a6dfc1876603bc8e,https://www.linkedin.com/jobs/view/8649/,Development Manager,YES Group,posted,2026-07-07T01:52:45.646694,154
c139c47867f930b9,https://br.linkedin.com/jobs/view/auxiliar-t%C3%A9cnico-de-controle-qualidade-at-touti-cosmetics-4436906189,Auxiliar Técnico de Controle Qualidade,,scraped,2026-07-07T01:52:48.332134,
861c8b0263eea3e1,https://br.linkedin.com/jobs/view/auxiliar-de-arquivo-serra-es-vaga-tempor%C3%A1ria-at-sos-docs-4436978086,Auxiliar de Arquivo | Serra - ES (Vaga Temporária),,scraped,2026-07-07T01:52:55.732849,
c9c2d0f3d37af520,https://br.linkedin.com/jobs/view/atendente-de-drogaria-sem-experi%C3%AAncia-dsp-filial-guapore-502438-at-grupo-dpsp-4435713532,ATENDENTE DE DROGARIA - SEM EXPERIÊNCIA - DSP FILIAL GUAPORE (502438),,scraped,2026-07-07T01:53:04.739179,
c83b6cf839970865,https://br.linkedin.com/jobs/view/auxiliar-log%C3%ADstico-i-at-dhl-supply-chain-4436746222,AUXILIAR LOGÍSTICO I,DHL Supply Chain,posted,2026-07-07T01:53:57.103779,156
9010a1bd6693572a,https://br.linkedin.com/jobs/view/assistente-administrativo-cd-nova-odessa-502400-at-grupo-dpsp-4435409138,ASSISTENTE ADMINISTRATIVO - CD NOVA ODESSA (502400),,scraped,2026-07-07T01:53:59.906631,
bfb73c511431c4f4,https://br.linkedin.com/jobs/view/aprendiz-at-amazone-mp-agro-4436447659,APRENDIZ,,scraped,2026-07-07T01:54:06.595845,
fc0be8ba339e7fb4,https://br.linkedin.com/jobs/view/vendedor-de-tecnologia-at-xiaomi-brasil-4436922499,Vendedor de Tecnologia,,scraped,2026-07-07T01:54:39.708383,
eb4bfda3bbd6781a,https://br.linkedin.com/jobs/view/auxiliar-administrativo-at-vida-saud%C3%A1vel-4436465651,Auxiliar Administrativo,,scraped,2026-07-07T01:54:47.231003,
aeed55c984a78606,https://br.linkedin.com/jobs/view/aux-de-produ%C3%A7%C3%A3o-at-microempa-rs-4436262562,Aux. de Produção,,scraped,2026-07-07T01:54:54.952220,
611b4ec7f1457aab,https://br.linkedin.com/jobs/view/analista-de-faturamento-at-brand-t%C3%AAxtil-4436717985,Analista de Faturamento,Brand Têxtil,posted,2026-07-07T01:55:32.022213,158
5227126849f57e6a,https://br.linkedin.com/jobs/view/auxiliar-recebimento-expedi%C3%A7%C3%A3o-at-grupo-oleoplan-4436906204,Auxiliar Recebimento Expedição,,scraped,2026-07-07T01:55:34.621500,
56b46a6f8b8df56e,https://br.linkedin.com/jobs/view/farmer-reten%C3%A7%C3%A3o-e-expans%C3%A3o-de-clientes-at-politi-academy-4435495696,Farmer (Retenção e Expansão de Clientes),Politi Academy,posted,2026-07-07T01:56:08.615959,160
b4de34ebe854f70b,https://br.linkedin.com/jobs/view/assistente-de-pr%C3%A9-venda-at-cantu-inc-4434504079,Assistente de Pré-Venda,Cantu Inc,posted,2026-07-07T01:56:21.314660,162
588c0240a4152158,https://br.linkedin.com/jobs/view/lubrificador-at-gotemburgo-concession%C3%A1ria-volvo-caminh%C3%B5es-%C3%B4nibus-e-equipamentos-de-constru%C3%A7%C3%A3o-4436905892,Lubrificador,Grupo Gotemburgo,posted,2026-07-07T01:56:35.646612,164
e7b88dc0139a481a,https://br.linkedin.com/jobs/view/banco-talentos-est%C3%A1gio-at-bp-bioenergy-4435483457,Banco Talentos Estágio,,scraped,2026-07-07T01:56:38.292857,
f087c84a67a16330,https://br.linkedin.com/jobs/view/oportunidades-de-carreira-copeiro-unidade-parque-da-cidade-1311603-at-einstein-hospital-israelita-4435458909,Oportunidades de Carreira: Copeiro - Unidade Parque da Cidade (1311603),,scraped,2026-07-07T01:56:44.761851,
5fa2d8b44776a9e6,https://br.linkedin.com/jobs/view/banco-de-talentos-atendente-de-loja-at-%C3%A1guas-do-rio-4436260656,Banco de Talentos - Atendente de Loja,,scraped,2026-07-07T01:56:52.106936,
baf97123286e0f3f,https://br.linkedin.com/jobs/view/vendedor-a-interno-at-sintex-4434501159,Vendedor(a) Interno,,scraped,2026-07-07T01:57:02.627585,
69beed063a5e30b6,https://br.linkedin.com/jobs/view/faxineira-auxiliar-de-limpeza-e-servi%C3%A7os-gerais-mg-at-rede-construai-4433772518,Faxineira - Auxiliar de limpeza e serviços gerais - MG,,scraped,2026-07-07T01:57:13.760671,
2aa267125c885daa,https://br.linkedin.com/jobs/view/bibliotec%C3%A1ria-escolar-empregos-em-destaque-at-jose-itamar-dos-santos-penteado-4433735449,Bibliotecária Escolar - Empregos em Destaque,,scraped,2026-07-07T01:57:20.434343,
99e075cc235375ed,https://br.linkedin.com/jobs/view/jardineiro-nove-de-julho-sp-at-grupo-oikos-brasil-4437460664,Jardineiro - Nove de Julho/SP,Grupo Oikos Brasil,posted,2026-07-07T01:57:52.892785,166
8a55126dd4b4c9d8,https://br.linkedin.com/jobs/view/auxiliar-de-limpeza-escrit%C3%B3rio-at-tomasi-rh-4436222853,Auxiliar de Limpeza (Escritório),,scraped,2026-07-07T01:57:55.617424,
a2f8ec2fca53eaf6,https://br.linkedin.com/jobs/view/encarregado-de-limpeza-at-vikings-excel%C3%AAncia-em-limpeza-e-servi%C3%A7os-4436943243,Encarregado de Limpeza,,scraped,2026-07-07T01:58:02.366487,
4702fe30d263854a,https://br.linkedin.com/jobs/view/reabastecedor-com-moto-belo-horizonte-mg-mg-at-gran-coffee-4433763677,Reabastecedor com Moto - Belo Horizonte/MG - MG,,scraped,2026-07-07T01:58:11.694201,
bc09940699f2e785,https://br.linkedin.com/jobs/view/motociclista-at-grupo-zelo-4437455792,Motociclista,,scraped,2026-07-07T01:58:20.023758,
90963d184038e73c,https://br.linkedin.com/jobs/view/cartazista-at-savegnago-supermercados-4433136219,Cartazista,,scraped,2026-07-07T01:58:28.541553,
0834d50f29034777,https://br.linkedin.com/jobs/view/copeiro-sp-at-golden-distribuidora-4433776404,Copeiro - SP,,scraped,2026-07-07T01:58:35.968302,
03b314fa0fab5c72,https://br.linkedin.com/jobs/view/fiscal-de-patrim%C3%B4nio-ferista-at-resolv-4437470412,Fiscal de patrimônio- FERISTA,,scraped,2026-07-07T01:58:44.430293,
1133019396fc8778,https://br.linkedin.com/jobs/view/separador-cd-at-assa%C3%AD-atacadista-4434507060,SEPARADOR CD,,scraped,2026-07-07T01:58:53.497569,
30286399e8628c75,https://br.linkedin.com/jobs/view/almoxarife-i-at-argo-energia-4435493112,Almoxarife I,,scraped,2026-07-07T01:59:01.864064,
6723cc8da6b10fb9,https://br.linkedin.com/jobs/view/revisor-a-de-malharia-at-bm-vagas-4436448559,REVISOR (A) DE MALHARIA,,scraped,2026-07-07T01:59:10.025616,
ef5fe9fe964f9f8f,https://br.linkedin.com/jobs/view/atendente-de-drogaria-sem-experi%C3%AAncia-dsp-filial-celso-garcia-ii-502487-at-grupo-dpsp-4435728031,ATENDENTE DE DROGARIA - SEM EXPERIÊNCIA - DSP FILIAL CELSO GARCIA II (502487),,scraped,2026-07-07T01:59:18.273404,
6fe3a974fb86751f,https://br.linkedin.com/jobs/view/analista-administrativo-at-aegea-saneamento-4435484690,Analista Administrativo,,scraped,2026-07-07T01:59:25.427493,
2f49af0aaa0cfe8d,https://br.linkedin.com/jobs/view/operador-de-audio-at-g4f-4435475021,OPERADOR DE AUDIO,,scraped,2026-07-07T01:59:33.003860,
100c93bebbb8c75c,https://br.linkedin.com/jobs/view/ajudante-de-confec%C3%A7%C3%A3o-at-mash-4436799438,Ajudante de Confecção,,scraped,2026-07-07T01:59:42.291315,
bba9117765b40329,https://br.linkedin.com/jobs/view/auxiliar-log%C3%ADstico-i-at-dhl-supply-chain-4436741504,AUXILIAR LOGÍSTICO I,DHL Supply Chain,posted,2026-07-07T02:00:35.634243,168
cf8401ee8fa318c4,https://br.linkedin.com/jobs/view/supervisor-hydrion-at-librelato-s-a-implementos-rodovi%C3%A1rios-4436436057,Supervisor - Hydrion,,scraped,2026-07-07T02:00:38.180580,
89aa95824c463288,https://br.linkedin.com/jobs/view/almoxarife-at-rodrigues-assessoria-4435717273,ALMOXARIFE,Rodrigues Assessoria,posted,2026-07-07T02:01:50.474153,170
9bb2122dae6fe898,https://br.linkedin.com/jobs/view/auxiliar-de-cabeleireiro-a-at-confidencial-4437162285,Auxiliar de Cabeleireiro(a),Confidencial,posted,2026-07-07T02:02:04.410313,172
f1dd04807b29440b,https://br.linkedin.com/jobs/view/analista-de-qualidade-at-pipe-sistemas-tubulares-4436928287,Analista de Qualidade,,scraped,2026-07-07T02:02:07.247550,
a919461b3bff5837,https://br.linkedin.com/jobs/view/ajudante-de-cozinha-at-abler-vagas-4437421198,Ajudante de Cozinha,,scraped,2026-07-07T02:02:15.454599,
a900ed43179aa080,https://br.linkedin.com/jobs/view/auxiliar-administrativo-comercial-trabalhe-de-casa-at-empresa-confidencial-4436932892,Auxiliar Administrativo Comercial - Trabalhe de casa,Empresa Confidencial,scraped,2026-07-07T02:03:02.400829,
e39b92b987b4b8d1,https://br.linkedin.com/jobs/view/assistente-de-cadastro-at-emercor-4435488380,Assistente de Cadastro,,scraped,2026-07-07T02:03:05.022092,
3fdaa4d978d5bc2d,https://br.linkedin.com/jobs/view/auxiliar-administrativo-comercial-trabalhe-de-casa-at-empresa-confidencial-4436948273,Auxiliar Administrativo Comercial - Trabalhe de casa,Empresa Confidencial,scraped,2026-07-07T02:03:19.636937,
afecd1544b0472d1,https://br.linkedin.com/jobs/view/auxiliar-de-escrit%C3%B3rio-at-jobbol-4436787705,Auxiliar de Escritório,,scraped,2026-07-07T02:03:22.303897,
7b897f7755fd1e80,https://br.linkedin.com/jobs/view/assistente-de-atendimento-ao-aluno-at-idp-4436786736,Assistente de Atendimento ao Aluno,IDP,posted,2026-07-07T02:03:40.424207,174
18a89d1cebec5189,https://br.linkedin.com/jobs/view/repositor-at-iel-empregos-4436963514,REPOSITOR,,scraped,2026-07-07T02:03:43.121009,
bf0b7f94c421577e,https://br.linkedin.com/jobs/view/passador-at-jobbol-4434938119,Passador,,scraped,2026-07-07T02:03:50.100226,
747c88ea0abd3411,https://br.linkedin.com/jobs/view/arrumador-eira-rio-das-pedras-at-club-med-4324528462,Arrumador(eira) - Rio das Pedras,,scraped,2026-07-07T02:03:57.723261,
c4a59559903e3f26,https://br.linkedin.com/jobs/view/camareiro-at-jobbol-4435126252,Camareiro,,scraped,2026-07-07T02:04:04.323050,
3a1daf1d8b6b6afb,https://br.linkedin.com/jobs/view/ajudante-de-copa-club-med-lake-paradise-sp-at-club-med-4321875836,Ajudante De Copa - Club Med Lake Paradise / SP,,scraped,2026-07-07T02:04:11.465101,
a2ad8f9cdef75003,https://br.linkedin.com/jobs/view/repositor-at-jobbol-4437128069,Repositor,,scraped,2026-07-07T02:04:17.810054,
9b67fc8f4ecd9d57,https://br.linkedin.com/jobs/view/ajudante-de-restaurante-cumim-rio-das-pedras-rio-de-janeiro-at-club-med-4321895857,Ajudante De Restaurante/ Cumim - Rio Das Pedras / RIO DE JANEIRO,,scraped,2026-07-07T02:04:25.140071,
2cee4f2d9ebaebff,https://br.linkedin.com/jobs/view/auxiliar-de-limpeza-at-jobbol-4436157347,Auxiliar de Limpeza,,scraped,2026-07-07T02:04:31.464767,
29ec70b74bb3fce8,https://br.linkedin.com/jobs/view/copeiro-at-jobbol-4435801917,Copeiro,,scraped,2026-07-07T02:04:38.977278,
7cd1df500a0ce6f2,https://br.linkedin.com/jobs/view/pizzaiolo-at-jobbol-4435312206,Pizzaiolo,,scraped,2026-07-07T02:04:46.001038,
a3ef0dd101b25963,https://br.linkedin.com/jobs/view/ajudante-geral-at-jobbol-4436166120,Ajudante Geral,,scraped,2026-07-07T02:04:53.048029,
1ce453ed00fb3a4f,https://br.linkedin.com/jobs/view/ajudante-de-produ%C3%A7%C3%A3o-at-powercoat-l%C3%ADder-em-tratamento-de-superf%C3%ADcies-4436463802,Ajudante de Produção,POWERCOAT - Líder em tratamento de superfícies,posted,2026-07-07T02:05:33.821397,176
70026a261b6147f7,https://br.linkedin.com/jobs/view/assistente-financeiro-at-grupo-carrera-4436793498,Assistente Financeiro,,scraped,2026-07-07T02:05:36.428648,
36d7db8bbf78f628,https://br.linkedin.com/jobs/view/lojas-renner-auxiliar-de-estoque-trabalhar-no-shopping-center-norte-sp-at-lojas-renner-s-a-4435482486,|LOJAS RENNER| Auxiliar de Estoque - Trabalhar no Shopping Center Norte - SP,,scraped,2026-07-07T02:05:43.319459,
5ecf6270933adbaf,https://br.linkedin.com/jobs/view/recepcionista-at-pesseti-consultoria-4435717296,Recepcionista,,scraped,2026-07-07T02:05:52.200205,
192eff734592f17b,https://br.linkedin.com/jobs/view/atendente-a-b-jr-c%C3%B3d-3706-at-candidata-ai-4436907794,Atendente A&B Jr. (Cód. 3706),,scraped,2026-07-07T02:06:02.821534,
7bf53d5b2b802376,https://br.linkedin.com/jobs/view/encarregado-de-obra-itaim-paulista-sp-at-construtora-sousa-araujo-4436445723,ENCARREGADO DE OBRA | ITAIM PAULISTA-SP,Construtora Sousa Araujo,posted,2026-07-07T02:06:20.355609,178
6c46626b92509466,https://br.linkedin.com/jobs/view/real-estate-consultant-i-rio-de-janeiro-rj-at-inter-4436799014,"REAL ESTATE CONSULTANT I - Rio de Janeiro, RJ",,scraped,2026-07-07T02:06:23.069298,
004fdbb70c778b6a,https://br.linkedin.com/jobs/view/advogado-j%C3%BAnior-jur%C3%ADdico-c%C3%ADvel-at-americanas-s-a-4435259765,Advogado Júnior | Jurídico Cível,,scraped,2026-07-07T02:06:29.775214,
0e50771a176aac10,https://br.linkedin.com/jobs/view/copywriter-%E2%80%94-produ%C3%A7%C3%A3o-de-conte%C3%BAdo-roteirista-at-coders-4436125364,Copywriter — Produção de Conteúdo (Roteirista),,scraped,2026-07-07T02:07:40.723153,
f5a1331ac29b256c,https://br.linkedin.com/jobs/view/auxiliar-de-logistica-i-at-mixfarma-distribuidora-4436447657,AUXILIAR DE LOGISTICA I,,scraped,2026-07-07T02:07:47.526726,
78d7e3e994915533,https://br.linkedin.com/jobs/view/analista-laboratorio-junior-maravilha-sc-at-grupo-piracanjuba-4436430313,ANALISTA LABORATORIO JUNIOR - MARAVILHA/SC,Grupo Piracanjuba,posted,2026-07-07T02:08:06.840892,180
d67924930cde9f61,https://br.linkedin.com/jobs/view/est%C3%A1gio-biomedicina-enfermagem-gest%C3%A3o-de-sa%C3%BAde-p%C3%BAblica-interdisciplinar-em-sa%C3%BAde-at-iel-sc-4436256791,Estágio - Biomedicina / Enfermagem / Gestão de saúde pública / Interdisciplinar em saúde,,scraped,2026-07-07T02:08:09.427550,
6ce580b774691255,https://br.linkedin.com/jobs/view/recepcionista-30-horas-moema-at-kantro-multiservi%C3%A7os-4436462797,RECEPCIONISTA 30 HORAS - MOEMA,,scraped,2026-07-07T02:08:17.239529,
daef4d9b542eb379,https://br.linkedin.com/jobs/view/secret%C3%A1ria-at-abler-vagas-4436426337,Secretária,,scraped,2026-07-07T02:08:26.700523,
8066e3794c9abe2f,https://br.linkedin.com/jobs/view/consultor-de-viagens-turismo-at-panrotas-4436928912,Consultor de Viagens & Turismo,,scraped,2026-07-07T02:08:34.291068,
094d7424d9c78262,https://br.linkedin.com/jobs/view/ajudante-de-carga-e-descarga-at-tecnolog-transportes-rodo-a%C3%A9reo-e-log%C3%ADstica-ltda-4437454286,Ajudante de Carga e Descarga,,scraped,2026-07-07T02:08:43.878875,
8bb954e15557d7d1,https://br.linkedin.com/jobs/view/vendedor-a-bahia-at-grupo-marilan-4434507032,Vendedor(a) - Bahia,,scraped,2026-07-07T02:08:55.152903,
02b4fe1e851cfb8e,https://br.linkedin.com/jobs/view/auxiliar-de-rotulagem-at-abler-vagas-4436466969,Auxiliar de Rotulagem,,scraped,2026-07-07T02:09:16.542562,
ad7b1b6218d6468f,https://br.linkedin.com/jobs/view/assistente-administrativo-pousada-at-abler-vagas-4437412450,ASSISTENTE ADMINISTRATIVO (POUSADA),abler Vagas,posted,2026-07-07T02:09:50.562812,182
8ecc501a8306e03c,https://br.linkedin.com/jobs/view/planejador-de-manuten%C3%A7%C3%A3o-at-grupoorion-4436461103,PLANEJADOR DE MANUTENÇÃO,,scraped,2026-07-07T02:09:53.692785,
